#Top: ios   Floorplan: io_1   Part: xc7a35tcsg324-2,,,,,,,,,,,,,,,,,,,,,,,,,
#Generated by: ParsaMalekpour   on: Tue Jun 30 13:17:30 2026,,,,,,,,,,,,,,,,,,,,,,,,,
#Build: Vivado v2019.1   by: xbuild   on: Fri May 24 14:49:42 MDT 2019,,,,,,,,,,,,,,,,,,,,,,,,,
#Package Version: FINAL 2013-12-19,,,,,,,,,,,,,,,,,,,,,,,,,
#Package Pin Delay Version: VERS. 2.0 2013-12-19,,,,,,,,,,,,,,,,,,,,,,,,,
,,,,,,,,,,,,,,,,,,,,,,,,,
IO Bank,Pin Number,Average Trace Delay,Site Type,Min Trace Delay (ps),Max Trace Delay (ps),,,,,,,,,,,,,,,,,,,,
0,K9,87.1005,VN_0,86.665,87.536,,,,,,,,,,,,,,,,,,,,
0,J10,83.536,VP_0,83.118,83.954,,,,,,,,,,,,,,,,,,,,
0,P10,48.556,DONE_0,48.313,48.799,,,,,,,,,,,,,,,,,,,,
0,L10,84.377,DXP_0,83.955,84.799,,,,,,,,,,,,,,,,,,,,
0,H9,0,GNDADC_0,,,,,,,,,,,,,,,,,,,,,,
0,H10,0,VCCADC_0,,,,,,,,,,,,,,,,,,,,,,
0,K10,91.8435,VREFP_0,91.384,92.303,,,,,,,,,,,,,,,,,,,,
0,E8,0,VCCBATT_0,,,,,,,,,,,,,,,,,,,,,,
0,E10,82.397,TCK_0,81.985,82.809,,,,,,,,,,,,,,,,,,,,
0,L9,86.655,DXN_0,86.222,87.088,,,,,,,,,,,,,,,,,,,,
0,J9,89.439,VREFN_0,88.992,89.886,,,,,,,,,,,,,,,,,,,,
0,E9,90.786,CCLK_0,90.332,91.24,,,,,,,,,,,,,,,,,,,,
0,P12,86.1545,M0_0,85.724,86.585,,,,,,,,,,,,,,,,,,,,
0,P13,92.535,M1_0,92.072,92.998,,,,,,,,,,,,,,,,,,,,
0,P7,77.419,INIT_B_0,77.032,77.806,,,,,,,,,,,,,,,,,,,,
0,E11,140.2785,TDI_0,139.577,140.98,,,,,,,,,,,,,,,,,,,,
0,E13,145.397,TDO_0,144.67,146.124,,,,,,,,,,,,,,,,,,,,
0,P11,27.0465,M2_0,26.911,27.182,,,,,,,,,,,,,,,,,,,,
0,P8,82.794,CFGBVS_0,82.38,83.208,,,,,,,,,,,,,,,,,,,CFGBVS_0,
0,P9,79.7255,PROGRAM_B_0,79.327,80.124,,,,,,,,,,,,,,,,,,,,
0,E12,105.2285,TMS_0,104.702,105.755,,,,,,,,,,,,,,,,,,,,
0,R9,0,VCCO_0,,,,,,,,,,,,,,,,,,,,,VCCO_0,
14,R11,83.9045,IO_0_14,83.485,84.324,,,,,,,,,,,,,,,,,,,,
14,K17,78.4655,IO_L1P_T0_D00_MOSI_14,78.073,78.858,,,,,,,,,,,,,,,,,,,,
14,K18,82.999,IO_L1N_T0_D01_DIN_14,82.584,83.414,,,,,,,,,,,,,,,,,,,,
14,L14,80.219,IO_L2P_T0_D02_14,79.818,80.62,,,,,,,,,,,,,,,,,,,,
14,M14,73.1705,IO_L2N_T0_D03_14,72.805,73.536,,,,,,,,,,,,,,,,,,,,
14,L15,85.9455,IO_L3P_T0_DQS_PUDC_B_14,85.516,86.375,,,,,,,,,,,,,,,,,,,,
14,L16,79.9585,IO_L3N_T0_DQS_EMCCLK_14,79.559,80.358,,,,,,,,,,,,,,,,,,,,
14,L18,79.3685,IO_L4P_T0_D04_14,78.972,79.765,,,,,,,,,,,,,,,,,,,,
14,M18,74.818,IO_L4N_T0_D05_14,74.444,75.192,,,,,,,,,,,,,,,,,,,,
14,R12,81.138,IO_L5P_T0_D06_14,80.732,81.544,,,,,,,,,,,,,,,,,,,,
14,R13,80.957,IO_L5N_T0_D07_14,80.552,81.362,,,,,,,,,,,,,,,,,,,,
14,L13,66.444,IO_L6P_T0_FCS_B_14,66.112,66.776,,,,,,,,,,,,,,,,,,,,
14,M13,65.806,IO_L6N_T0_D08_VREF_14,65.477,66.135,,,,,,,,,,,,,,,,,,,,
14,R18,85.2675,IO_L7P_T1_D09_14,84.841,85.694,,,,,,,,,,,,,,,,,,,,
14,T18,86.7675,IO_L7N_T1_D10_14,86.334,87.201,,,,,,,,,,,,,,,,,,,,
14,N14,67.2635,IO_L8P_T1_D11_14,66.927,67.6,,,,,,,,,,,,,,,,,,,,
14,P14,75.8295,IO_L8N_T1_D12_14,75.45,76.209,,,,,,,,,,,,,,,,,,,,
14,N17,66.18,IO_L9P_T1_DQS_14,65.849,66.511,,,,,,,,,,,,,,,,,,,,
14,P18,72.434,IO_L9N_T1_DQS_D13_14,72.072,72.796,,,,,,,,,,,,,,,,,,,,
14,M16,58.784,IO_L10P_T1_D14_14,58.49,59.078,,,,,,,,,,,,,,,,,,,,
14,M17,60.228,IO_L10N_T1_D15_14,59.927,60.529,,,,,,,,,,,,,,,,,,,,
14,N15,72.5615,IO_L11P_T1_SRCC_14,72.199,72.924,,,,,,,,,,,,,,,,,,,,
14,N16,71.6625,IO_L11N_T1_SRCC_14,71.304,72.021,,,,,,,,,,,,,,,,,,,,
14,P17,74.0975,IO_L12P_T1_MRCC_14,73.727,74.468,,,,,,,,,,,,,,,,,,,,
14,R17,69.788,IO_L12N_T1_MRCC_14,69.439,70.137,,,,,,,,,,,,,,,,,,,,
14,P15,58.8355,IO_L13P_T2_MRCC_14,58.541,59.13,,,,,,,,,,,,,,,,,,,,
14,R15,64.5095,IO_L13N_T2_MRCC_14,64.187,64.832,,,,,,,,,,,,,,,,,,,,
14,T14,77.984,IO_L14P_T2_SRCC_14,77.594,78.374,,,,,,,,,,,,,,,,,,,,
14,T15,77.1465,IO_L14N_T2_SRCC_14,76.761,77.532,,,,,,,,,,,,,,,,,,,,
14,R16,71.962,IO_L15P_T2_DQS_RDWR_B_14,71.602,72.322,,,,,,,,,,,,,,,,,,,,
14,T16,74.177,IO_L15N_T2_DQS_DOUT_CSO_B_14,73.806,74.548,,,,,,,,,,,,,,,,,,,,
14,V15,88.2,IO_L16P_T2_CSI_B_14,87.759,88.641,,,,,,,,,,,,,,,,,,,,
14,V16,87.1205,IO_L16N_T2_A15_D31_14,86.685,87.556,,,,,,,,,,,,,,,,,,,,
14,U17,80.573,IO_L17P_T2_A14_D30_14,80.17,80.976,,,,,,,,,,,,,,,,,,,,
14,U18,77.3255,IO_L17N_T2_A13_D29_14,76.939,77.712,,,,,,,,,,,,,,,,,,,,
14,U16,78.3455,IO_L18P_T2_A12_D28_14,77.954,78.737,,,,,,,,,,,,,,,,,,,,
14,V17,76.1395,IO_L18N_T2_A11_D27_14,75.759,76.52,,,,,,,,,,,,,,,,,,,,
14,T11,77.412,IO_L19P_T3_A10_D26_14,77.025,77.799,,,,,,,,,,,,,,,,,,,,
14,U11,74.985,IO_L19N_T3_A09_D25_VREF_14,74.61,75.36,,,,,,,,,,,,,,,,,,,,
14,U12,104.946,IO_L20P_T3_A08_D24_14,104.421,105.471,,,,,,,,,,,,,,,,,,,,
14,V12,101.8925,IO_L20N_T3_A07_D23_14,101.383,102.402,,,,,,,,,,,,,,,,,,,,
14,V10,90.025,IO_L21P_T3_DQS_14,89.575,90.475,,,,,,,,,,,,,,,,,,,,
14,V11,88.5625,IO_L21N_T3_DQS_A06_D22_14,88.12,89.005,,,,,,,,,,,,,,,,,,,,
14,U14,75.6715,IO_L22P_T3_A05_D21_14,75.293,76.05,,,,,,,,,,,,,,,,,,,,
14,V14,75.1805,IO_L22N_T3_A04_D20_14,74.805,75.556,,,,,,,,,,,,,,,,,,,,
14,T13,76.6695,IO_L23P_T3_A03_D19_14,76.286,77.053,,,,,,,,,,,,,,,,,,,,
14,U13,75.4565,IO_L23N_T3_A02_D18_14,75.079,75.834,,,,,,,,,,,,,,,,,,,,
14,T9,86.8485,IO_L24P_T3_A01_D17_14,86.414,87.283,,,,,,,,,,,,,,,,,,,,
14,T10,80.3335,IO_L24N_T3_A00_D16_14,79.932,80.735,,,,,,,,,,,,,,,,,,,,
14,R10,76.4855,IO_25_14,76.103,76.868,,,,,,,,,,,,,,,,,,,,
14,L17,0,VCCO_14,,,,,,,,,,,,,,,,,,,,,VCCO_14,
14,N13,0,VCCO_14,,,,,,,,,,,,,,,,,,,,,VCCO_14,
14,P16,0,VCCO_14,,,,,,,,,,,,,,,,,,,,,VCCO_14,
14,T12,0,VCCO_14,,,,,,,,,,,,,,,,,,,,,VCCO_14,
14,U15,0,VCCO_14,,,,,,,,,,,,,,,,,,,,,VCCO_14,
14,V18,0,VCCO_14,,,,,,,,,,,,,,,,,,,,,VCCO_14,
15,G13,68.9685,IO_0_15,68.624,69.313,,,,,,,,,,,,,,,,,,,,
15,D14,86.3455,IO_L1P_T0_AD0P_15,85.914,86.777,,,,,,,,,,,,,,,,,,,,
15,C14,84.9735,IO_L1N_T0_AD0N_15,84.549,85.398,,,,,,,,,,,,,,,,,,,,
15,B13,106.794,IO_L2P_T0_AD8P_15,106.26,107.328,,,,,,,,,,,,,,,,,,,,
15,B14,98.181,IO_L2N_T0_AD8N_15,97.69,98.672,,,,,,,,,,,,,,,,,,,,
15,C12,101.439,IO_L3P_T0_DQS_AD1P_15,100.932,101.946,,,,,,,,,,,,,,,,,,,,
15,B12,103.8985,IO_L3N_T0_DQS_AD1N_15,103.379,104.418,,,,,,,,,,,,,,,,,,,,
15,B11,109.4735,IO_L4P_T0_15,108.926,110.021,,,,,,,,,,,,,,,,,,,,
15,A11,104.9365,IO_L4N_T0_15,104.412,105.461,,,,,,,,,,,,,,,,,,,,
15,F13,83.731,IO_L5P_T0_AD9P_15,83.312,84.15,,,,,,,,,,,,,,,,,,,,
15,F14,86.5275,IO_L5N_T0_AD9N_15,86.095,86.96,,,,,,,,,,,,,,,,,,,,
15,D12,87.0755,IO_L6P_T0_15,86.64,87.511,,,,,,,,,,,,,,,,,,,,
15,D13,84.383,IO_L6N_T0_VREF_15,83.961,84.805,,,,,,,,,,,,,,,,,,,,
15,B16,104.282,IO_L7P_T1_AD2P_15,103.761,104.803,,,,,,,,,,,,,,,,,,,,
15,B17,104.3235,IO_L7N_T1_AD2N_15,103.802,104.845,,,,,,,,,,,,,,,,,,,,
15,A15,113.161,IO_L8P_T1_AD10P_15,112.595,113.727,,,,,,,,,,,,,,,,,,,,
15,A16,122.584,IO_L8N_T1_AD10N_15,121.971,123.197,,,,,,,,,,,,,,,,,,,,
15,A13,120.9235,IO_L9P_T1_DQS_AD3P_15,120.319,121.528,,,,,,,,,,,,,,,,,,,,
15,A14,118.006,IO_L9N_T1_DQS_AD3N_15,117.416,118.596,,,,,,,,,,,,,,,,,,,,
15,B18,105.27,IO_L10P_T1_AD11P_15,104.744,105.796,,,,,,,,,,,,,,,,,,,,
15,A18,109.225,IO_L10N_T1_AD11N_15,108.679,109.771,,,,,,,,,,,,,,,,,,,,
15,E15,103.397,IO_L11P_T1_SRCC_15,102.88,103.914,,,,,,,,,,,,,,,,,,,,
15,E16,105.37,IO_L11N_T1_SRCC_15,104.843,105.897,,,,,,,,,,,,,,,,,,,,
15,D15,103.214,IO_L12P_T1_MRCC_15,102.698,103.73,,,,,,,,,,,,,,,,,,,,
15,C15,102.648,IO_L12N_T1_MRCC_15,102.135,103.161,,,,,,,,,,,,,,,,,,,,
15,H16,74.422,IO_L13P_T2_MRCC_15,74.05,74.794,,,,,,,,,,,,,,,,,,,,
15,G16,76.2855,IO_L13N_T2_MRCC_15,75.904,76.667,,,,,,,,,,,,,,,,,,,,
15,F15,77.8585,IO_L14P_T2_SRCC_15,77.469,78.248,,,,,,,,,,,,,,,,,,,,
15,F16,75.8715,IO_L14N_T2_SRCC_15,75.492,76.251,,,,,,,,,,,,,,,,,,,,
15,H14,74.6735,IO_L15P_T2_DQS_15,74.3,75.047,,,,,,,,,,,,,,,,,,,,
15,G14,77.1045,IO_L15N_T2_DQS_ADV_B_15,76.719,77.49,,,,,,,,,,,,,,,,,,,,
15,E17,88.211,IO_L16P_T2_A28_15,87.77,88.652,,,,,,,,,,,,,,,,,,,,
15,D17,90.9265,IO_L16N_T2_A27_15,90.472,91.381,,,,,,,,,,,,,,,,,,,,
15,K13,76.4975,IO_L17P_T2_A26_15,76.115,76.88,,,,,,,,,,,,,,,,,,,,
15,J13,74.003,IO_L17N_T2_A25_15,73.633,74.373,,,,,,,,,,,,,,,,,,,,
15,H17,65.0485,IO_L18P_T2_A24_15,64.723,65.374,,,,,,,,,,,,,,,,,,,,
15,G17,69.9595,IO_L18N_T2_A23_15,69.61,70.309,,,,,,,,,,,,,,,,,,,,
15,J14,86.6355,IO_L19P_T3_A22_15,86.202,87.069,,,,,,,,,,,,,,,,,,,,
15,H15,86.832,IO_L19N_T3_A21_VREF_15,86.398,87.266,,,,,,,,,,,,,,,,,,,,
15,C16,113.8945,IO_L20P_T3_A20_15,113.325,114.464,,,,,,,,,,,,,,,,,,,,
15,C17,107.9195,IO_L20N_T3_A19_15,107.38,108.459,,,,,,,,,,,,,,,,,,,,
15,E18,104.776,IO_L21P_T3_DQS_15,104.252,105.3,,,,,,,,,,,,,,,,,,,,
15,D18,98.3385,IO_L21N_T3_DQS_A18_15,97.847,98.83,,,,,,,,,,,,,,,,,,,,
15,G18,93.3055,IO_L22P_T3_A17_15,92.839,93.772,,,,,,,,,,,,,,,,,,,,
15,F18,91.883,IO_L22N_T3_A16_15,91.424,92.342,,,,,,,,,,,,,,,,,,,,
15,J17,87.3905,IO_L23P_T3_FOE_B_15,86.954,87.827,,,,,,,,,,,,,,,,,,,,
15,J18,96.0965,IO_L23N_T3_FWE_B_15,95.616,96.577,,,,,,,,,,,,,,,,,,,,
15,K15,83.8475,IO_L24P_T3_RS1_15,83.428,84.267,,,,,,,,,,,,,,,,,,,,
15,J15,86.5265,IO_L24N_T3_RS0_15,86.094,86.959,,,,,,,,,,,,,,,,,,,,
15,K16,46.616,IO_25_15,46.383,46.849,,,,,,,,,,,,,,,,,,,,
15,A17,0,VCCO_15,,,,,,,,,,,,,,,,,,,,,VCCO_15,
15,C13,0,VCCO_15,,,,,,,,,,,,,,,,,,,,,VCCO_15,
15,D16,0,VCCO_15,,,,,,,,,,,,,,,,,,,,,VCCO_15,
15,G15,0,VCCO_15,,,,,,,,,,,,,,,,,,,,,VCCO_15,
15,H18,0,VCCO_15,,,,,,,,,,,,,,,,,,,,,VCCO_15,
15,K14,0,VCCO_15,,,,,,,,,,,,,,,,,,,,,VCCO_15,
16,D9,62.625,IO_L6N_T0_VREF_16,62.312,62.938,,,,,,,,,,,,,,,,,,,,
16,C9,122.525,IO_L11P_T1_SRCC_16,121.912,123.138,,,,,,,,,,,,,,,,,,,,
16,B9,125.641,IO_L11N_T1_SRCC_16,125.013,126.269,,,,,,,,,,,,,,,,,,,,
16,B8,132.4875,IO_L12P_T1_MRCC_16,131.825,133.15,,,,,,,,,,,,,,,,,,,,
16,A8,136.3355,IO_L12N_T1_MRCC_16,135.654,137.017,,,,,,,,,,,,,,,,,,,,
16,C11,107.1085,IO_L13P_T2_MRCC_16,106.573,107.644,,,,,,,,,,,,,,,,,,,,
16,C10,110.4315,IO_L13N_T2_MRCC_16,109.879,110.984,,,,,,,,,,,,,,,,,,,,
16,A10,135.067,IO_L14P_T2_SRCC_16,134.392,135.742,,,,,,,,,,,,,,,,,,,,
16,A9,134.152,IO_L14N_T2_SRCC_16,133.481,134.823,,,,,,,,,,,,,,,,,,,,
16,D10,62.3255,IO_L19N_T3_VREF_16,62.014,62.637,,,,,,,,,,,,,,,,,,,,
16,B10,0,VCCO_16,,,,,,,,,,,,,,,,,,,,,VCCO_16,
34,K6,33.9195,IO_0_34,33.75,34.089,,,,,,,,,,,,,,,,,,,,
34,L1,73.981,IO_L1P_T0_34,73.611,74.351,,,,,,,,,,,,,,,,,,,,
34,M1,74.561,IO_L1N_T0_34,74.188,74.934,,,,,,,,,,,,,,,,,,,,
34,K3,57.9195,IO_L2P_T0_34,57.63,58.209,,,,,,,,,,,,,,,,,,,,
34,L3,59.382,IO_L2N_T0_34,59.085,59.679,,,,,,,,,,,,,,,,,,,,
34,N2,76.994,IO_L3P_T0_DQS_34,76.609,77.379,,,,,,,,,,,,,,,,,,,,
34,N1,70.725,IO_L3N_T0_DQS_34,70.371,71.079,,,,,,,,,,,,,,,,,,,,
34,M3,57.002,IO_L4P_T0_34,56.717,57.287,,,,,,,,,,,,,,,,,,,,
34,M2,57.4725,IO_L4N_T0_34,57.185,57.76,,,,,,,,,,,,,,,,,,,,
34,K5,54.238,IO_L5P_T0_34,53.967,54.509,,,,,,,,,,,,,,,,,,,,
34,L4,57.0955,IO_L5N_T0_34,56.81,57.381,,,,,,,,,,,,,,,,,,,,
34,L6,55.205,IO_L6P_T0_34,54.929,55.481,,,,,,,,,,,,,,,,,,,,
34,L5,56.268,IO_L6N_T0_VREF_34,55.987,56.549,,,,,,,,,,,,,,,,,,,,
34,U1,101.4535,IO_L7P_T1_34,100.946,101.961,,,,,,,,,,,,,,,,,,,,
34,V1,101.1375,IO_L7N_T1_34,100.632,101.643,,,,,,,,,,,,,,,,,,,,
34,U4,114.223,IO_L8P_T1_34,113.652,114.794,,,,,,,,,,,,,,,,,,,,
34,U3,113.427,IO_L8N_T1_34,112.86,113.994,,,,,,,,,,,,,,,,,,,,
34,U2,94.615,IO_L9P_T1_DQS_34,94.142,95.088,,,,,,,,,,,,,,,,,,,,
34,V2,100.404,IO_L9N_T1_DQS_34,99.902,100.906,,,,,,,,,,,,,,,,,,,,
34,V5,99.5265,IO_L10P_T1_34,99.029,100.024,,,,,,,,,,,,,,,,,,,,
34,V4,104.8745,IO_L10N_T1_34,104.35,105.399,,,,,,,,,,,,,,,,,,,,
34,R3,77.001,IO_L11P_T1_SRCC_34,76.616,77.386,,,,,,,,,,,,,,,,,,,,
34,T3,78.1105,IO_L11N_T1_SRCC_34,77.72,78.501,,,,,,,,,,,,,,,,,,,,
34,T5,81.5175,IO_L12P_T1_MRCC_34,81.11,81.925,,,,,,,,,,,,,,,,,,,,
34,T4,79.626,IO_L12N_T1_MRCC_34,79.228,80.024,,,,,,,,,,,,,,,,,,,,
34,N5,52.5505,IO_L13P_T2_MRCC_34,52.288,52.813,,,,,,,,,,,,,,,,,,,,
34,P5,53.644,IO_L13N_T2_MRCC_34,53.376,53.912,,,,,,,,,,,,,,,,,,,,
34,P4,62.38,IO_L14P_T2_SRCC_34,62.068,62.692,,,,,,,,,,,,,,,,,,,,
34,P3,59.3035,IO_L14N_T2_SRCC_34,59.007,59.6,,,,,,,,,,,,,,,,,,,,
34,P2,64.774,IO_L15P_T2_DQS_34,64.45,65.098,,,,,,,,,,,,,,,,,,,,
34,R2,63.566,IO_L15N_T2_DQS_34,63.248,63.884,,,,,,,,,,,,,,,,,,,,
34,M4,53.3315,IO_L16P_T2_34,53.065,53.598,,,,,,,,,,,,,,,,,,,,
34,N4,52.202,IO_L16N_T2_34,51.941,52.463,,,,,,,,,,,,,,,,,,,,
34,R1,62.205,IO_L17P_T2_34,61.894,62.516,,,,,,,,,,,,,,,,,,,,
34,T1,61.643,IO_L17N_T2_34,61.335,61.951,,,,,,,,,,,,,,,,,,,,
34,M6,58.4935,IO_L18P_T2_34,58.201,58.786,,,,,,,,,,,,,,,,,,,,
34,N6,53.53,IO_L18N_T2_34,53.262,53.798,,,,,,,,,,,,,,,,,,,,
34,R6,68.4765,IO_L19P_T3_34,68.134,68.819,,,,,,,,,,,,,,,,,,,,
34,R5,64.5045,IO_L19N_T3_VREF_34,64.182,64.827,,,,,,,,,,,,,,,,,,,,
34,V7,84.755,IO_L20P_T3_34,84.331,85.179,,,,,,,,,,,,,,,,,,,,
34,V6,81.652,IO_L20N_T3_34,81.244,82.06,,,,,,,,,,,,,,,,,,,,
34,U9,82.5015,IO_L21P_T3_DQS_34,82.089,82.914,,,,,,,,,,,,,,,,,,,,
34,V9,75.5355,IO_L21N_T3_DQS_34,75.158,75.913,,,,,,,,,,,,,,,,,,,,
34,U7,78.0695,IO_L22P_T3_34,77.679,78.46,,,,,,,,,,,,,,,,,,,,
34,U6,76.9035,IO_L22N_T3_34,76.519,77.288,,,,,,,,,,,,,,,,,,,,
34,R7,74.9105,IO_L23P_T3_34,74.536,75.285,,,,,,,,,,,,,,,,,,,,
34,T6,74.231,IO_L23N_T3_34,73.86,74.602,,,,,,,,,,,,,,,,,,,,
34,R8,67.2575,IO_L24P_T3_34,66.921,67.594,,,,,,,,,,,,,,,,,,,,
34,T8,62.842,IO_L24N_T3_34,62.528,63.156,,,,,,,,,,,,,,,,,,,,
34,U8,54.9935,IO_25_34,54.719,55.268,,,,,,,,,,,,,,,,,,,,
34,K4,0,VCCO_34,,,,,,,,,,,,,,,,,,,,,VCCO_34,
34,N3,0,VCCO_34,,,,,,,,,,,,,,,,,,,,,VCCO_34,
34,P6,0,VCCO_34,,,,,,,,,,,,,,,,,,,,,VCCO_34,
34,T2,0,VCCO_34,,,,,,,,,,,,,,,,,,,,,VCCO_34,
34,U5,0,VCCO_34,,,,,,,,,,,,,,,,,,,,,VCCO_34,
34,V8,0,VCCO_34,,,,,,,,,,,,,,,,,,,,,VCCO_34,
35,F5,38.452,IO_0_35,38.26,38.644,,,,,,,,,,,,,,,,,,,,
35,C6,86.82,IO_L1P_T0_AD4P_35,86.386,87.254,,,,,,,,,,,,,,,,,,,,
35,C5,85.17,IO_L1N_T0_AD4N_35,84.744,85.596,,,,,,,,,,,,,,,,,,,,
35,B7,101.546,IO_L2P_T0_AD12P_35,101.038,102.054,,,,,,,,,,,,,,,,,,,,
35,B6,100.227,IO_L2N_T0_AD12N_35,99.726,100.728,,,,,,,,,,,,,,,,,,,,
35,A6,100.96,IO_L3P_T0_DQS_AD5P_35,100.455,101.465,,,,,,,,,,,,,,,,,,,,
35,A5,97.4975,IO_L3N_T0_DQS_AD5N_35,97.01,97.985,,,,,,,,,,,,,,,,,,,,
35,D8,98.7915,IO_L4P_T0_35,98.298,99.285,,,,,,,,,,,,,,,,,,,,
35,C7,99.008,IO_L4N_T0_35,98.513,99.503,,,,,,,,,,,,,,,,,,,,
35,E6,84.7715,IO_L5P_T0_AD13P_35,84.348,85.195,,,,,,,,,,,,,,,,,,,,
35,E5,86.359,IO_L5N_T0_AD13N_35,85.927,86.791,,,,,,,,,,,,,,,,,,,,
35,E7,86.027,IO_L6P_T0_35,85.597,86.457,,,,,,,,,,,,,,,,,,,,
35,D7,84.4995,IO_L6N_T0_VREF_35,84.077,84.922,,,,,,,,,,,,,,,,,,,,
35,C4,103.128,IO_L7P_T1_AD6P_35,102.612,103.644,,,,,,,,,,,,,,,,,,,,
35,B4,103.5075,IO_L7N_T1_AD6N_35,102.99,104.025,,,,,,,,,,,,,,,,,,,,
35,A4,101.6485,IO_L8P_T1_AD14P_35,101.14,102.157,,,,,,,,,,,,,,,,,,,,
35,A3,107.4695,IO_L8N_T1_AD14N_35,106.932,108.007,,,,,,,,,,,,,,,,,,,,
35,B1,99.9635,IO_L9P_T1_DQS_AD7P_35,99.464,100.463,,,,,,,,,,,,,,,,,,,,
35,A1,101.0665,IO_L9N_T1_DQS_AD7N_35,100.561,101.572,,,,,,,,,,,,,,,,,,,,
35,B3,105.619,IO_L10P_T1_AD15P_35,105.091,106.147,,,,,,,,,,,,,,,,,,,,
35,B2,104.1225,IO_L10N_T1_AD15N_35,103.602,104.643,,,,,,,,,,,,,,,,,,,,
35,D5,86.2575,IO_L11P_T1_SRCC_35,85.826,86.689,,,,,,,,,,,,,,,,,,,,
35,D4,87.1585,IO_L11N_T1_SRCC_35,86.723,87.594,,,,,,,,,,,,,,,,,,,,
35,E3,84.602,IO_L12P_T1_MRCC_35,84.179,85.025,,,,,,,,,,,,,,,,,,,,
35,D3,84.3355,IO_L12N_T1_MRCC_35,83.914,84.757,,,,,,,,,,,,,,,,,,,,
35,F4,75.8975,IO_L13P_T2_MRCC_35,75.518,76.277,,,,,,,,,,,,,,,,,,,,
35,F3,80.957,IO_L13N_T2_MRCC_35,80.552,81.362,,,,,,,,,,,,,,,,,,,,
35,E2,96.7185,IO_L14P_T2_SRCC_35,96.235,97.202,,,,,,,,,,,,,,,,,,,,
35,D2,95.449,IO_L14N_T2_SRCC_35,94.972,95.926,,,,,,,,,,,,,,,,,,,,
35,H2,90.951,IO_L15P_T2_DQS_35,90.496,91.406,,,,,,,,,,,,,,,,,,,,
35,G2,93.4635,IO_L15N_T2_DQS_35,92.996,93.931,,,,,,,,,,,,,,,,,,,,
35,C2,109.0975,IO_L16P_T2_35,108.552,109.643,,,,,,,,,,,,,,,,,,,,
35,C1,105.729,IO_L16N_T2_35,105.2,106.258,,,,,,,,,,,,,,,,,,,,
35,H1,83.805,IO_L17P_T2_35,83.386,84.224,,,,,,,,,,,,,,,,,,,,
35,G1,80.587,IO_L17N_T2_35,80.184,80.99,,,,,,,,,,,,,,,,,,,,
35,F1,82.9115,IO_L18P_T2_35,82.497,83.326,,,,,,,,,,,,,,,,,,,,
35,E1,85.5275,IO_L18N_T2_35,85.1,85.955,,,,,,,,,,,,,,,,,,,,
35,G6,79.4285,IO_L19P_T3_35,79.031,79.826,,,,,,,,,,,,,,,,,,,,
35,F6,76.225,IO_L19N_T3_VREF_35,75.844,76.606,,,,,,,,,,,,,,,,,,,,
35,G4,86.814,IO_L20P_T3_35,86.38,87.248,,,,,,,,,,,,,,,,,,,,
35,G3,82.0865,IO_L20N_T3_35,81.676,82.497,,,,,,,,,,,,,,,,,,,,
35,J4,69.3575,IO_L21P_T3_DQS_35,69.011,69.704,,,,,,,,,,,,,,,,,,,,
35,H4,71.226,IO_L21N_T3_DQS_35,70.87,71.582,,,,,,,,,,,,,,,,,,,,
35,J3,61.1145,IO_L22P_T3_35,60.809,61.42,,,,,,,,,,,,,,,,,,,,
35,J2,59.1205,IO_L22N_T3_35,58.825,59.416,,,,,,,,,,,,,,,,,,,,
35,K2,65.043,IO_L23P_T3_35,64.718,65.368,,,,,,,,,,,,,,,,,,,,
35,K1,66.6885,IO_L23N_T3_35,66.355,67.022,,,,,,,,,,,,,,,,,,,,
35,H6,63.1585,IO_L24P_T3_35,62.843,63.474,,,,,,,,,,,,,,,,,,,,
35,H5,66.395,IO_L24N_T3_35,66.063,66.727,,,,,,,,,,,,,,,,,,,,
35,J5,48.434,IO_25_35,48.192,48.676,,,,,,,,,,,,,,,,,,,,
35,A7,,VCCO_35,,,,,,,,,,,,,,,,,,,,,VCCO_35,
35,C3,,VCCO_35,,,,,,,,,,,,,,,,,,,,,VCCO_35,
35,D6,,VCCO_35,,,,,,,,,,,,,,,,,,,,,VCCO_35,
35,F2,,VCCO_35,,,,,,,,,,,,,,,,,,,,,VCCO_35,
35,G5,,VCCO_35,,,,,,,,,,,,,,,,,,,,,VCCO_35,
35,J1,,VCCO_35,,,,,,,,,,,,,,,,,,,,,VCCO_35,
,A12,,GND,,,,,,,,,,,,,,,,,,,,,GND,GND
,A2,,GND,,,,,,,,,,,,,,,,,,,,,GND,GND
,B15,,GND,,,,,,,,,,,,,,,,,,,,,GND,GND
,B5,,GND,,,,,,,,,,,,,,,,,,,,,GND,GND
,C18,,GND,,,,,,,,,,,,,,,,,,,,,GND,GND
,C8,,GND,,,,,,,,,,,,,,,,,,,,,GND,GND
,D11,,GND,,,,,,,,,,,,,,,,,,,,,GND,GND
,D1,,GND,,,,,,,,,,,,,,,,,,,,,GND,GND
,E14,,GND,,,,,,,,,,,,,,,,,,,,,GND,GND
,E4,,GND,,,,,,,,,,,,,,,,,,,,,GND,GND
,F17,,GND,,,,,,,,,,,,,,,,,,,,,GND,GND
,F11,,GND,,,,,,,,,,,,,,,,,,,,,GND,GND
,F9,,GND,,,,,,,,,,,,,,,,,,,,,GND,GND
,F7,,GND,,,,,,,,,,,,,,,,,,,,,GND,GND
,G12,,GND,,,,,,,,,,,,,,,,,,,,,GND,GND
,G10,,GND,,,,,,,,,,,,,,,,,,,,,GND,GND
,G8,,GND,,,,,,,,,,,,,,,,,,,,,GND,GND
,H13,,GND,,,,,,,,,,,,,,,,,,,,,GND,GND
,H11,,GND,,,,,,,,,,,,,,,,,,,,,GND,GND
,H7,,GND,,,,,,,,,,,,,,,,,,,,,GND,GND
,H3,,GND,,,,,,,,,,,,,,,,,,,,,GND,GND
,J16,,GND,,,,,,,,,,,,,,,,,,,,,GND,GND
,J12,,GND,,,,,,,,,,,,,,,,,,,,,GND,GND
,J8,,GND,,,,,,,,,,,,,,,,,,,,,GND,GND
,J6,,GND,,,,,,,,,,,,,,,,,,,,,GND,GND
,K11,,GND,,,,,,,,,,,,,,,,,,,,,GND,GND
,K7,,GND,,,,,,,,,,,,,,,,,,,,,GND,GND
,L12,,GND,,,,,,,,,,,,,,,,,,,,,GND,GND
,L8,,GND,,,,,,,,,,,,,,,,,,,,,GND,GND
,L2,,GND,,,,,,,,,,,,,,,,,,,,,GND,GND
,M15,,GND,,,,,,,,,,,,,,,,,,,,,GND,GND
,M11,,GND,,,,,,,,,,,,,,,,,,,,,GND,GND
,M9,,GND,,,,,,,,,,,,,,,,,,,,,GND,GND
,M7,,GND,,,,,,,,,,,,,,,,,,,,,GND,GND
,M5,,GND,,,,,,,,,,,,,,,,,,,,,GND,GND
,N18,,GND,,,,,,,,,,,,,,,,,,,,,GND,GND
,N12,,GND,,,,,,,,,,,,,,,,,,,,,GND,GND
,N10,,GND,,,,,,,,,,,,,,,,,,,,,GND,GND
,N8,,GND,,,,,,,,,,,,,,,,,,,,,GND,GND
,P1,,GND,,,,,,,,,,,,,,,,,,,,,GND,GND
,R14,,GND,,,,,,,,,,,,,,,,,,,,,GND,GND
,R4,,GND,,,,,,,,,,,,,,,,,,,,,GND,GND
,T17,,GND,,,,,,,,,,,,,,,,,,,,,GND,GND
,T7,,GND,,,,,,,,,,,,,,,,,,,,,GND,GND
,U10,,GND,,,,,,,,,,,,,,,,,,,,,GND,GND
,V13,,GND,,,,,,,,,,,,,,,,,,,,,GND,GND
,V3,,GND,,,,,,,,,,,,,,,,,,,,,GND,GND
,F8,,VCCINT,,,,,,,,,,,,,,,,,,,,,,
,G9,,VCCINT,,,,,,,,,,,,,,,,,,,,,,
,G7,,VCCINT,,,,,,,,,,,,,,,,,,,,,,
,H8,,VCCINT,,,,,,,,,,,,,,,,,,,,,,
,J11,,VCCINT,,,,,,,,,,,,,,,,,,,,,,
,J7,,VCCINT,,,,,,,,,,,,,,,,,,,,,,
,K8,,VCCINT,,,,,,,,,,,,,,,,,,,,,,
,L11,,VCCINT,,,,,,,,,,,,,,,,,,,,,,
,L7,,VCCINT,,,,,,,,,,,,,,,,,,,,,,
,M10,,VCCINT,,,,,,,,,,,,,,,,,,,,,,
,M8,,VCCINT,,,,,,,,,,,,,,,,,,,,,,
,N11,,VCCINT,,,,,,,,,,,,,,,,,,,,,,
,N9,,VCCINT,,,,,,,,,,,,,,,,,,,,,,
,N7,,VCCINT,,,,,,,,,,,,,,,,,,,,,,
,F12,,VCCAUX,,,,,,,,,,,,,,,,,,,,,VCCAUX,1.8
,H12,,VCCAUX,,,,,,,,,,,,,,,,,,,,,VCCAUX,1.8
,K12,,VCCAUX,,,,,,,,,,,,,,,,,,,,,VCCAUX,1.8
,M12,,VCCAUX,,,,,,,,,,,,,,,,,,,,,VCCAUX,1.8
,F10,,VCCBRAM,,,,,,,,,,,,,,,,,,,,,,
,G11,,VCCBRAM,,,,,,,,,,,,,,,,,,,,,,
